--
-- Script was generated by Devart dbForge Studio for MySQL, Version 6.3.323.0
-- Product home page: http://www.devart.com/dbforge/mysql/studio
-- Script date 06/12/2022 11:03:44
-- Server version: 5.5.5-10.4.25-MariaDB
-- Client version: 4.1
--


SET NAMES 'utf8';


INSERT INTO training.classes(class_id, trainer_id, course_id, start_date, end_date, class_no) VALUES
(10, 8, 7, '2022-11-05', '2022-11-28', 1);
INSERT INTO training.classes(class_id, trainer_id, course_id, start_date, end_date, class_no) VALUES
(11, 10, 6, '2022-11-06', '2022-11-29', 1);
INSERT INTO training.classes(class_id, trainer_id, course_id, start_date, end_date, class_no) VALUES
(12, 12, 7, '2014-03-08', '2003-02-24', 1);
INSERT INTO training.classes(class_id, trainer_id, course_id, start_date, end_date, class_no) VALUES
(13, 7, 4, '2022-06-26', '2022-11-01', 1);

INSERT INTO training.courses(course_id, course_name) VALUES
(4, 'html');
INSERT INTO training.courses(course_id, course_name) VALUES
(5, 'php');
INSERT INTO training.courses(course_id, course_name) VALUES
(6, 'css');
INSERT INTO training.courses(course_id, course_name) VALUES
(7, 'java');

INSERT INTO training.registration(reg_id, class_id, student_id, reg_date) VALUES
(2, 13, 2, '2022-11-18');
INSERT INTO training.registration(reg_id, class_id, student_id, reg_date) VALUES
(6, 12, 2, '2022-02-02');
INSERT INTO training.registration(reg_id, class_id, student_id, reg_date) VALUES
(7, 11, 4, '2022-11-20');
INSERT INTO training.registration(reg_id, class_id, student_id, reg_date) VALUES
(10, 11, 3, '2022-12-29');
INSERT INTO training.registration(reg_id, class_id, student_id, reg_date) VALUES
(11, 11, 5, '2022-12-04');
INSERT INTO training.registration(reg_id, class_id, student_id, reg_date) VALUES
(12, 13, 6, '1977-01-05');
INSERT INTO training.registration(reg_id, class_id, student_id, reg_date) VALUES
(13, 13, 2, '2022-11-24');
INSERT INTO training.registration(reg_id, class_id, student_id, reg_date) VALUES
(14, 13, 2, '2022-11-06');
INSERT INTO training.registration(reg_id, class_id, student_id, reg_date) VALUES
(15, 12, 3, '2022-12-25');


INSERT INTO training.students(student_id, student_fname, student_sname, student_lname, student_gender, student_dob, student_mobile) VALUES
(2, 'sa', 'sl', 'ra', 2, '2022-07-15', '11111111');
INSERT INTO training.students(student_id, student_fname, student_sname, student_lname, student_gender, student_dob, student_mobile) VALUES
(3, 'Shaeleigh', 'Kerr', 'Montoya', 1, '1987-03-11', 'Placeat volupta');
INSERT INTO training.students(student_id, student_fname, student_sname, student_lname, student_gender, student_dob, student_mobile) VALUES
(4, 'Sebastian', 'Mann', 'Harrell', 1, '1980-03-03', 'Do exercitation');
INSERT INTO training.students(student_id, student_fname, student_sname, student_lname, student_gender, student_dob, student_mobile) VALUES
(5, 'Coby', 'Vaughan', 'Ford', 2, '1971-10-31', '8888888888');
INSERT INTO training.students(student_id, student_fname, student_sname, student_lname, student_gender, student_dob, student_mobile) VALUES
(6, 'Maya', 'Blake', 'Bird', 1, '1974-02-20', '5555');

INSERT INTO training.trainers(trainer_id, trainer_name, trainer_mobile, trainer_email) VALUES
(2, 'Rahim Cruz', '1111111', 'myji@mailinator.com');
INSERT INTO training.trainers(trainer_id, trainer_name, trainer_mobile, trainer_email) VALUES
(4, 'ssss', '2978516', 'sss@gmail.com');
INSERT INTO training.trainers(trainer_id, trainer_name, trainer_mobile, trainer_email) VALUES
(6, 'xxxx', '258963147', 'xxx@gmail.com');
INSERT INTO training.trainers(trainer_id, trainer_name, trainer_mobile, trainer_email) VALUES
(7, 'Madeline Cline', '999999999', 'deminojixe@mailinator.com');
INSERT INTO training.trainers(trainer_id, trainer_name, trainer_mobile, trainer_email) VALUES
(8, 'xxxx', '258963147', 'xxx@gmail.com');
INSERT INTO training.trainers(trainer_id, trainer_name, trainer_mobile, trainer_email) VALUES
(10, 'Rosalyn Whitaker', '555555', 'gibavum@mailinator.com');
INSERT INTO training.trainers(trainer_id, trainer_name, trainer_mobile, trainer_email) VALUES
(11, 'xxxx', '258963147', 'xxx@gmail.com');
INSERT INTO training.trainers(trainer_id, trainer_name, trainer_mobile, trainer_email) VALUES
(12, 'xxxx', '258963147', 'xxx@gmail.com');
INSERT INTO training.trainers(trainer_id, trainer_name, trainer_mobile, trainer_email) VALUES
(13, 'Imogene Dixon', 'Ullamco consequ', 'tizyqyn@mailinator.com');

INSERT INTO training.class_vw(trainer_name, start_date, end_date, class_no, course_name, trainer_id, course_id, class_id) VALUES
('Madeline Cline', '2022-06-26', '2022-11-01', 1, 'html', 7, 4, 13);
INSERT INTO training.class_vw(trainer_name, start_date, end_date, class_no, course_name, trainer_id, course_id, class_id) VALUES
('Rosalyn Whitaker', '2022-11-06', '2022-11-29', 1, 'css', 10, 6, 11);
INSERT INTO training.class_vw(trainer_name, start_date, end_date, class_no, course_name, trainer_id, course_id, class_id) VALUES
('xxxx', '2022-11-05', '2022-11-28', 1, 'java', 8, 7, 10);
INSERT INTO training.class_vw(trainer_name, start_date, end_date, class_no, course_name, trainer_id, course_id, class_id) VALUES
('xxxx', '2014-03-08', '2003-02-24', 1, 'java', 12, 7, 12);

INSERT INTO training.reg_vw(course_name, class_no, trainer_name, reg_id, class_id, student_id, reg_date, student_fname, student_sname, student_lname) VALUES
('html', 1, 'Madeline Cline', 2, 13, 2, '2022-11-18', 'sa', 'sl', 'ra');
INSERT INTO training.reg_vw(course_name, class_no, trainer_name, reg_id, class_id, student_id, reg_date, student_fname, student_sname, student_lname) VALUES
('java', 1, 'xxxx', 6, 12, 2, '2022-02-02', 'sa', 'sl', 'ra');
INSERT INTO training.reg_vw(course_name, class_no, trainer_name, reg_id, class_id, student_id, reg_date, student_fname, student_sname, student_lname) VALUES
('css', 1, 'Rosalyn Whitaker', 7, 11, 4, '2022-11-20', 'Sebastian', 'Mann', 'Harrell');
INSERT INTO training.reg_vw(course_name, class_no, trainer_name, reg_id, class_id, student_id, reg_date, student_fname, student_sname, student_lname) VALUES
('css', 1, 'Rosalyn Whitaker', 10, 11, 3, '2022-12-29', 'Shaeleigh', 'Kerr', 'Montoya');
INSERT INTO training.reg_vw(course_name, class_no, trainer_name, reg_id, class_id, student_id, reg_date, student_fname, student_sname, student_lname) VALUES
('css', 1, 'Rosalyn Whitaker', 11, 11, 5, '2022-12-04', 'Coby', 'Vaughan', 'Ford');
INSERT INTO training.reg_vw(course_name, class_no, trainer_name, reg_id, class_id, student_id, reg_date, student_fname, student_sname, student_lname) VALUES
('html', 1, 'Madeline Cline', 12, 13, 6, '1977-01-05', 'Maya', 'Blake', 'Bird');
INSERT INTO training.reg_vw(course_name, class_no, trainer_name, reg_id, class_id, student_id, reg_date, student_fname, student_sname, student_lname) VALUES
('html', 1, 'Madeline Cline', 13, 13, 2, '2022-11-24', 'sa', 'sl', 'ra');
INSERT INTO training.reg_vw(course_name, class_no, trainer_name, reg_id, class_id, student_id, reg_date, student_fname, student_sname, student_lname) VALUES
('html', 1, 'Madeline Cline', 14, 13, 2, '2022-11-06', 'sa', 'sl', 'ra');
INSERT INTO training.reg_vw(course_name, class_no, trainer_name, reg_id, class_id, student_id, reg_date, student_fname, student_sname, student_lname) VALUES
('java', 1, 'xxxx', 15, 12, 3, '2022-12-25', 'Shaeleigh', 'Kerr', 'Montoya');
